Department_Key,Actual_Revenue,Budget_Revenue,Variance,Variance_%
1,550935994.41,578482794.09,-27546799.680000067,-4.761904755237085
